20,3575,2301 JUSTIN RD.,FLOWER MOUND,TX,75028,-972,539-2366
20,3576,4000 WILLIAM D. TATE AVE.,GRAPEVINE,TX,76051,-817,684-9200
20,3579,900 W. MCDERMOTT DRIVE,ALLEN,TX,75013,-214,495-3710
20,3582,18212 PRESTON,DALLAS,TX,75252,-972,985-2240
20,3585,3322 NORTH BUCKNER BLVD.,DALLAS,TX,75228,-214,328-2830
20,3586,7120 RUFE SNOW DR.,N. RICHLAND HILLS,TX,76148,-817,498-6136
20,3589,4700 BRYANT IRVIN RD.,FORT WORTH,TX,76132,-817,572-5763
20,3597,11920 PRESTON RD.,DALLAS,TX,75230,-972,392-2501
20,3608,7700 NORTHWEST HIGHWAY,DALLAS,TX,75225,-214,346-1020
20,3614,315 SOUTH HAMPTON RD.,DALLAS,TX,75211,-214,943-7763
20,3617,2611 WEST PARK ROW,ARLINGTON,TX,76013,-817,792-2047
20,3621,4010 NORTH MACARTHUR BLVD.,IRVING,TX,75038,-972,717-9727
20,3622,6377 CAMP BOWIE BLVD.,FORT WORTH,TX,76116,-817,654-0256
20,3623,210 EAST PLEASANT RUN RD.,DESOTO,TX,75115,-972,274-7000
20,3625,302 SOUTH PARK BLVD.,GRAPEVINE,TX,76051,-817,481-5669
20,3629,11255 GARLAND RD.,DALLAS,TX,75218,-214,320-0005
20,3637,1380 W.CAMPBELL RD.,DALLAS,TX,75248,-972,680-6010
20,3641,CUSTER@RENNER,RICHARDSON,TX,75080,-972,470-1360
20,3645,2200 EAST 14TH ST.,PLANO,TX,75074,-972,423-4105
20,3650,14999 PRESTON RD.,DALLAS,TX,75240,-972,789-6950
20,3652,745 CROSS TIMBERS,FLOWER MOUND,TX,75028,-972,539-6828
20,3658,2755 N. COLLINS,ARLINGTON,TX,78006,-817,276-5360
20,4032,4802 FAIRMONT PKWY.,PASADENA,TX,77505,-281,487-6078
20,4033,5586 WESLAYAN,HOUSTON,TX,77005,-713,668-4778
20,4062,2323 CLEAR LAKE CITY BLVD.,HOUSTON,TX,77062,-281,280-3100
20,4071,2800 E. BROADWAY ST.,PEARLAND,TX,77581,-281,485-5450
20,4606,1509 PIONEER,MESQUITE,TX,75149,-972,216-5187
20,4609,12220 BARKER CYPRESS,CYPRESS,TX,77429,-281,213-9308
20,4612,2850 FM 518 - #1,PEARLAND,TX,77584,-713,436-4346
20,4617,1308 W. DAVIS,CONROE,TX,77301,-936,494-4073
25,0111,105 NEAL ST,GRASS VALLEY,CA,95945,-530,273-0115
25,0190,424 HOWE AVE,SACRAMENTO,CA,95825,-916,925-1676
25,0201,1121 S BERETANA,HONOLULU,HI,96814,-808,592-6499
25,0203,1360 PALI HIGHWAY,HONOLULU,HI,96813,-808,566-6811
25,0204,2855 E MANOA ROAD,HONOLULU,HI,96822,-808,988-2058
25,0205,1060 KEOLU DRIVE,KAILUA,HI,96734,-808,266-5200
25,0207,46065 KAMEHAMEHA,KANEOHE,HI,96744,-808,233-5800
25,0211,848 ALA LILIKOI ST,HONOLULU,HI,96818,-808,831-6100
25,0214,98-1277 KAAHUMANU ST,AIEA,HI,96814,-808,483-5900
25,0215,377 KEAHOLE ST,HONOLULU,HI,96825,-808,396-6337
25,0220,170 E KAMEHAMEHA AVE,KAHULUI MAUI,HI,96732,-808,877-3377
25,0256,1016 W SACRAMENTO AVE,CHICO,CA,95926,-530,895-0244
25,0262,20 E MAIN ST,QUINCY,CA,95971,-530,283-1404
25,0273,2601 BALLS FERRY ROAD,ANDERSON,CA,96007,-530,365-6401
25,0278,47 FAIRLANE DRIVE,PLACERVILLE,CA,95667,-530,626-3790
25,0279,#9 S HWY 49 & 88,JACKSON,CA,95642,-209,223-2777
25,0300,253 MT HERMAN ROAD,SCOTTS VALLEY,CA,95060,-831,438-7431
25,0302,6020 CLARK ROAD,PARADISE,CA,95969,-530,877-7923
25,0304,1380 LINDA MAR,PACIFICA,CA,94044,-650,359-6707
25,0305,1071 EL CAMINO,REDWOOD CITY,CA,94063,-650,306-1900
25,0308,70 CABRILLO HWY,HALF MOON BAY,CA,94019,-650,726-1143
25,0309,39100 ARGONAUT WAY,FREMONT,CA,94538,-510,794-1666
25,0313,1601 HOLLENBECK,SUNNYVALE,CA,94087,-408,733-8251
25,0316,179 BRANHAM LANE,SAN JOSE,CA,95136,-408,227-4961
25,0465,570 MUNRAS AVE,MONTEREY,CA,93940,-831,375-7142
25,0568,2210 MENDOCINO AVE,SANTA ROSA,CA,95401,-707,545-7753
25,0582,2130 SOUTH SHORE CENTER,ALAMEDA,CA,94501,-510,523-0526
25,0592,735 7TH AVE,SAN FRANCISCO,CA,94118,-415,752-4073
25,0595,2250 F MONUMENT BLVD,CONCORD,CA,94520,-925,680-4271
25,0618,525 EL CAMINO REAL,MILLBRAE,CA,94030,-650,697-9514
25,0636,2111 MISSION ST,SANTA CRUZ,CA,95060,-831,429-9811
25,0638,4100 REDWOOD RD,OAKLAND,CA,94619,-510,531-0565
25,0639,100 CRYSTAL SPRINGS,SAN MATEO,CA,94402,-650,341-4039
25,0640,16 RANCHO DEL MAR,APTOS,CA,95003,-831,688-2775
25,0641,2520 HARRIS ST,EUREKA,CA,95503,-707,443-7461
25,0653,700 B ST,SAN RAFAEL,CA,94901,-415,456-1453
25,0654,2096 MOUNTAIN BLVD,OAKLAND,CA,94611,-510,482-2266
25,0661,110 STRAWBERRY TOWN,MILL VALLEY,CA,94941,-415,383-1101
25,0667,5290 DIAMOND HTS BLVD,SAN FRANCISCO,CA,94131,-415,824-7744
25,0668,2100 RALSTON AVE,BELMONT,CA,94002,-650,591-0235
25,0669,5130 BROADWAY,OAKLAND,CA,94611,-510,658-6612
25,0676,1500 SOLANO AVE,ALBANY,CA,94706,-510,525-4107
25,0687,6310 COLLEGE AVE,OAKLAND,CA,94618,-510,654-6992
25,0691,1444 SHATTUCK PLACE,BERKELEY,CA,94709,-510,526-3086
25,0694,860 N DELAWARE ST,SAN MATEO,CA,94401,-650,347-2704
25,0695,6477 ALMADEN ROAD,SAN JOSE,CA,95120,-408,268-3511
25,0697,1972 TICE VALLEY BLVD,WALNUT CREEK,CA,94595,-925,939-7213
25,0700,2760 HOMESTEAD ROAD,SANTA CLARA,CA,95051,-408,248-0563
25,0705,570 SHORELINE BLVD,MOUNTAIN VIEW,CA,94041,-650,961-4868
25,0706,104 MIDVALLEY,CARMEL,CA,93923,-831,624-4600
25,0713,100 CALISTOGA RD,SANTA ROSA,CA,95409,-707,539-1711
25,0732,3375 JEFFERSON SQUARE,NAPA,CA,94558,-707,255-0866
25,0737,160 FIRST ST,LOS ALTOS,CA,94022,-650,941-1208
25,0739,3350 MISSION ST,SAN FRANCISCO,CA,94110,-415,826-2866
25,0741,2306 ALMADEN ROAD,SAN JOSE,CA,95125,-408,266-6308
25,0742,1500 POLLARD ROAD,LOS GATOS,CA,95030,-408,374-2050
25,0746,733 SO WOLFE ROAD,SUNNYVALE,CA,94086,-408,739-8131
25,0747,850 WOODSIDE RD,REDWOOD CITY,CA,94061,-650,365-2522
25,0749,5 CARMEL CENTER,CARMEL,CA,93921,-831,624-7626
25,0751,10636 SAN PABLO,EL CERRITO,CA,94530,-510,525-9055
25,0759,625 MONTEREY BLVD,SAN FRANCISCO,CA,94127,-415,586-2421
25,0761,1212 FOREST AVE,PACIFIC GROVE,CA,93955,-831,375-8262
25,0763,2605 THE ALAMEDA,SANTA CLARA,CA,95050,-408,244-6873
25,0767,6132 BOLLINGER ROAD,SAN JOSE,CA,95129,-408,257-3070
25,0768,20629 REDWOOD ROAD,CASTRO VALLEY,CA,94546,-510,538-3088
25,0774,50 SOLANO SQUARE,BENICIA,CA,94510,-707,745-4047
25,0777,30 CHESTNUT AVE,S SAN FRANCISCO,CA,94080,-650,952-8867
25,0781,2580 CALIFORNIA STREET,MOUNTAIN VIEW,CA,94040,-650,949-3324
25,0783,3540 MT DIABLO BLVD,LAFAYETTE,CA,94549,-925,283-0228
25,0785,850 LA PLAYA,SAN FRANCISCO,CA,94121,-415,387-4664
25,0786,6255 GRAHAM HILL ROAD,FELTON,CA,95018,-831,335-3532
25,0788,1 CAMINO ALTO,MILL VALLEY,CA,94941,-415,388-6216
25,0790,555 BANCROFT AVE,SAN LEANDRO,CA,94577,-510,632-2949
25,0793,600 F ST,ARCATA,CA,95521,-707,822-5217
25,0796,373 S MCDOWELL ROAD,PETALUMA,CA,94952,-707,762-7872
25,0797,231 W JACKSON STREET,HAYWARD,CA,94544,-510,783-8611
25,0799,117 MORRISSEY BLVD,SANTA CRUZ,CA,95062,-831,426-7489
25,0902,200 GOLF CLUB RD,PLEASANT HILL,CA,94523,-925,825-8870
25,0904,2650 41ST AVE,SOQUEL,CA,95073,-831,475-1897
25,0908,3550 FRUITVALE AVE,OAKLAND,CA,94602,-510,530-7067
25,0909,730 TARAVAL STREET,SAN FRANCISCO,CA,94116,-415,665-4136
25,0910,1554 FIRST ST,LIVERMORE,CA,94550,-925,455-5667
25,0911,477 W NAPPA ST,SONOMA,CA,95476,-707,996-0633
25,0913,1620 CLAY ST,NAPA,CA,94558,-707,252-4122
25,0915,470 N SANTA CRUZ AVE,LOS GATOS,CA,95030,-408,354-0810
25,0917,600 S BROADWAY,WALNUT CREEK,CA,94596,-925,935-9205
25,0918,6340 COMMERCE BLVD,ROHNERT PARK,CA,94928,-707,584-8942
25,0919,12876 SARA SUN,SARATOGA,CA,95070,-408,867-0180
25,0926,4925 MACDONALD AVE,RICHMOND,CA,94805,-510,237-2719
25,0928,600 PATTERSON BLVD,PLEASANT HILL,CA,94523,-925,933-8243
25,0929,2558 BERRYESSA RD,SAN JOSE,CA,95132,-408,272-2287
25,0932,950 LAS GALLINAS,SAN RAFAEL,CA,94903,-415,479-6111
25,0933,406 N MAIN ST,SEBASTOPOL,CA,95472,-707,823-1101
25,0936,710 BANCROFT RD,WALNUT CREEK,CA,94598,-925,937-8537
25,0939,3334 ALHAMBRA AVE,MARTINEZ,CA,94553,-925,229-0212
25,0948,1450 HOWARD AVE,BURLINGAME,CA,94010,-650,344-5601
25,0950,16405 HWY 116,GUERNEVILLE,CA,95446,-707,869-9433
25,0951,867 ISLAND DRIVE,ALAMEDA,CA,94502,-510,521-4833
25,0953,2370 NORTH FREMONT,MONTEREY,CA,93940,-831,372-9344
25,0954,475 M STREET,CRESCENT CITY,CA,95531,-707,465-3353
25,0955,2600 WILLOW PASS ROAD,CONCORD,CA,94520,-925,689-3240
25,0956,1799 MARLOW,SANTA ROSA,CA,95401,-707,528-3062
25,0962,200 ALAMO PLAZA,ALAMO,CA,94507,-925,820-8022
25,0964,4950 MISSION ST,SAN FRANCISCO,CA,94112,-415,587-7200
25,0965,845 SOUTH MAIN ST,WILLITS,CA,95490,-707,459-5862
25,0967,2 CAMINO SOBRANTE,ORINDA,CA,94563,-925,254-8792
25,0968,702 LINCOLN ROAD W,VALLEJO,CA,94590,-707,643-2172
25,0969,1355 MORAGA WAY,MORAGA,CA,94556,-925,376-9492
25,0970,1655 EL CAMINO REAL,SAN MATEO,CA,94402,-650,341-0374
25,0971,22280 FOOTHILL BLVD,HAYWARD,CA,94541,-510,582-0700
25,0972,6688 ALHAMBRA,MARTINEZ,CA,94553,-925,933-0540
25,0975,701 S FORTUNA BLVD,FORTUNA,CA,95521,-707,725-5104
25,0976,605 PARKER BLDG A,RODEO,CA,94572,-510,799-6200
25,0978,660 S MAIN ST,FT BRAGG,CA,95437,-707,964-4079
25,0979,900 DIABLO AVE,NOVATO,CA,94947,-415,898-1503
25,0982,2505 SAN RAMON VALLE,SAN RAMON,CA,94583,-925,831-9516
25,0983,1071 11TH ST,LAKEPORT,CA,95453,-707,263-8072
25,0984,14922 OLYMPIC DRIVE,CLEARLAKE,CA,95422,-707,994-7275
25,0985,2350 NORIEGA STREET,SAN FRANCISCO,CA,94122,-415,665-4565
25,0987,1771 E CAPITOL EXPRESSWAY,SAN JOSE,CA,95121,-408,238-9800
25,0988,3002 STORY ROAD,SAN JOSE,CA,95127,-408,259-4233
25,0989,774 ADM CALLAGHAN LANE,VALLEJO,CA,94590,-707,554-8035
25,0990,525 EL CAMINO,MENLO PARK,CA,94025,-650,324-8630
25,0993,3902 WASHINGTON BLVD,FREMONT,CA,94538,-510,657-1625
25,0994,1499 WASHINGTON AVE,SAN LEANDRO,CA,94577,-510,895-2660
25,0995,1335 WEBSTER ST,SAN FRANCISCO,CA,94115,-415,921-4557
25,0997,1663 BRANHAM LANE,SAN JOSE,CA,95118,-408,267-0550
25,0998,1115 VINE STREET,HEALDSBURG,CA,95448,-707,431-7102
25,0999,921 E HILLSDALE BLVD,FOSTER CITY,CA,94404,-650,377-0711
25,1087,200 HAMAKUA,KAILUA,HI,96734,-808,266-5222
25,1108,1750 MIRAMONTE,MOUNTAN VIEW,CA,94040,-650,903-5850
25,1109,2090 HARBISON DRIVE,VACAVILLE,CA,95687,-707,452-7277
25,1110,1546 NORTH MAIN,SALINAS,CA,93906,-831,442-7500
25,1119,3747 GRAND AVE.,OAKLAND,CA,94610,-510,465-4187
25,1125,1366 EAST AVENUE,CHICO,CA,95973,-530,899-2320
25,1127,2401 WATERMAN DRIVE,FAIRFIELD,CA,94533,-707,427-5640
25,1138,1100 EL CAMINO REAL,BELMONT,CA,94002,-650,596-1730
25,1192,4309 CLAYTON RD,CONCORD,CA,94521,-925,356-2710
25,1195,5431 CLAYTON RD,CLAYTON,CA,94517,-925,672-2135
25,1196,639 SO BERNARDO AVE,SUNNYVALE,CA,94087,-408,732-5900
25,1197,1790 DECOTO RD,UNION CITY,CA,94587,-510,429-9090
25,1204,17539 VIERRA CANYON ROAD,PRUNEDALE,CA,93907,-831,663-6702
25,1205,1451 W COVELL BLVD,DAVIS,CA,95616,-530,757-4540
25,1206,350 BAY STREET,SAN FRANCISCO,CA,94133,-415,781-4374
25,1209,4-831 KUHIO HIGHWAY,KAPAA,HI,96746,-808,822-2464
25,1210,5150 MAE ANNE AVE,RENO,NV,89523,-775,746-9000
25,1211,3496 CAMINO TASSAJAR,DANVILLE,CA,94506,-925,736-0298
25,1215,660 BAILEY ROAD,W PITTSBURG,CA,94565,-925,458-0181
25,1217,1600 SARATOGA AVE,SAN JOSE,CA,95129,-408,865-0295
25,1218,2970 MAIN STREET,SUSANVILLE,CA,96130,-530,257-2029
25,1222,1221 HONAPIILANI HIGHWAY,LAHAINA MAUI,HI,96761,-808,667-4392
25,1224,5877 JARVIS AVE,NEWARK,CA,94560,-510,713-3180
25,1232,530 CANAL ST,KING CITY,CA,93930,-831,385-7820
25,1234,1125 SECOND ST,BRENTWOOD,CA,94513,-925,634-6780
25,1245,15549 UNION AVE,LOS GATOS,CA,95032,-408,559-5750
25,1257,4495 FIRST ST,LIVERMORE,CA,94550,-925,455-2520
25,1258,1235 STRATFORD AVE,DIXON,CA,95620,-707,678-7400
25,1259,3365 DEER VALLE RD,ANTIOCH,CA,94509,-925,706-4150
25,1263,590 FARRINGTON_HWY. #400,KAPOLEI,HI,96707,-808,674-0070
25,1265,2785 YULUPA AVE,SANTA ROSA,CA,95405,-707,524-4646
25,1266,11290 DONNER PASS RD,TRUCKEE,CA,96161,-530,582-7950
25,1289,8377 ELK GROVE-FLORIN RD.,SACRAMENTO,CA,95829,-916,681-8666
25,1293,2341 SO WINCHESTER BLVD,CAMPBELL,CA,95008,-408,364-6880
25,1434,9080 BROOKS ROAD,WINDSOR,CA,95492,-707,837-2000
25,1439,785 EL CAMINO REAL,SUNNYVALE,CA,94087,-408,481-3300
25,1455,840 E DUNNE AVE,MORGAN HILL,CA,95037,-408,776-8721
25,1465,5146 STEVENS CR,SAN JOSE,CA,95129,-408,556-0610
25,1476,1300 W. SAN CAR,SAN JOSE,CA,95126,-408,882-0999
25,1483,1530 HAMILTON AVE.,SAN JOSE,CA,95125,-408,264-1523
25,1490,"2300 - 16TH STREET, UNIT #203",SAN FRANCISCO,CA,94103,-415,575-1120
25,1500,277 PI'IKEA AVENUE,KIHEI,HI,96753,-808,891-9120
25,1501,75-1027 HENRY ST,KAILUA-KONA,HI,96740,-808,329-2207
25,1502,1701 SANTA RITA RD,PLEASANTON,CA,94566,-925,417-5530
25,1505,905 FIRST STREET,GILROY,CA,95020,-408,842-6446
25,1507,2020 MARKET ST,SAN FRANCISCO,CA,94114,-415,861-7660
25,1512,4823 KIETZKE LANE,RENO,NV,89502,-775,823-2300
25,1517,890 W. WILLIAMS,FALLON,NV,89406,-775,428-2330
25,1526,3071 STEVENS CREEK,SANTA CLARA,CA,95050,-408,248-3305
25,1530,3320 ARDEN WAY,SACRAMENTO,CA,95825,-916,483-9389
25,1531,7301 GREENBACK,CITRUS HEIGHTS,CA,95621,-916,727-2424
25,1537,212 ELK POINT DR.,ZEPHYR COVE,NV,89448,-775,586-8387
25,1541,1978 CONTRA COSTA BLVD,PLEASANT HILL,CA,94523,-925,688-0680
25,1560,4040 MANZANITA AVENUE,CARMICHAEL,CA,95608,-916,481-2005
25,1561,2121 COWELL,DAVIS,CA,95616,-530,792-8500
25,1562,2751 FOURTH STREET,SANTA ROSA,CA,95404,-707,522-1455
25,1574,4950 ALMADEN EXPWY,SAN JOSE,CA,95118,-408,267-1200
25,1583,653 S. STATE ST.,UKIAH,CA,95482,-707,467-2700
25,1592,7815 NORTH LAKE BOULEVARD,KINGS BEACH,CA,96143,-530,546-0170
25,1617,8640 SIERRA COLLEGE BLVD,ROSEVILLE,CA,95661,-916,783-2225
25,1618,3380 COACH LANE,CAMERON PARK,CA,95682,-530,676-6930
25,1631,122 ROBLES DR.,VALLEJO,CA,94581,-707,554-4467
25,1640,1503 CITY CENTER RD.,MCKINLEYVILLE,CA,95536,-707,840-9770
25,1647,5021 LAGUNA BLVD.,ELK GROVE,CA,95758,-916,691-3770
25,1648,2449 WEST KETTLEMAN LANE,LODI,CA,95242,-209,367-7875
25,1651,720 MANGROVE WAY,CHICO,CA,95926,0,000-0000
25,1661,"2001 MCHENRY AVENUE, SUITE C",MODESTO,CA,95350,-209,571-6280
25,1682,2811 MIDDLEFIELD RD,PALO ALTO,CA,94306,-650,321-8400
25,1701,2941 YGNACIO VALLEY,WALNUT CREEK,CA,94598,-925,939-1811
25,1709,325 S SHARON PARK,MENLO PARK,CA,94025,-650,854-3056
25,1711,15 MARINA BLVD,SAN FRANCISCO,CA,94123,-415,563-4946
25,1712,930 W HARRIS ST,EUREKA,CA,95501,-707,442-7597
25,1714,1421 TARA HILL DR,PINOLE,CA,94564,-510,724-1525
25,1722,5051 BUSINESS CENTER DRIVE,FAIRFIELD,CA,94533,-707,863-4160
25,1723,838 SIR FRANCIS DRAKE,SAN ANSELMO,CA,94960,-415,456-9157
25,1729,470 IGNACIO BLVD,NOVATO,CA,94949,-415,883-5665
25,1746,10635 FOLSOM BOULEVARD,RANCHO CORDOVA,CA,95670,-916,364-4940
25,1757,591 TRES PINOS ROAD,HOLLISTER,CA,95023,-831,638-3240
25,1761,405 SOUTH HIGHWAY 65,LINCOLN,CA,95648,-916,645-5100
25,1769,2808 COUNTRY CLUB,STOCKTON,CA,95204,-209,461-5555
25,1794,1850 PRAIRIE CITY ROAD,FOLSOM,CA,95630,-916,608-2452
25,1824,1020 JOHNSON LANE,SOUTH LAKE TAHOE,CA,96150,-530,542-7740
25,1825,6498 PONY EXPRESS TRAIL,POLLOCK PINES,CA,95726,-530,647-7440
25,1826,1070 EAST CYPRESS AVE.,REDDING,CA,96002,-530,226-5871
25,1866,2220 SUNSET BLVD,ROCKLIN,CA,95765,-916,789-0101
25,1883,103 AMERICAN CANYON RD.,AMERICAN CANYON,CA,94503,-707,649-5150
25,1890,1080 PLEASANT GROVE BLVD.,ROSEVILLE,CA,95678,-916,783-2119
25,1895,5450 DEWEY DRIVE,FAIR OAKS,CA,95628,-916,904-5356
25,1899,989 SUNRISE AVE.,ROSEVILLE,CA,95661,-916,773-4001
25,1917,14840 HIGHWAY 4,DISCOVERY BAY,CA,94514,-925,626-6000
25,1924,1000 IRONWOOD DRIVE,MINDEN,NV,89410,-775,782-3923
25,1932,4440 CAMINO TASSAJARA,DUBLIN,CA,94568,-925,551-4710
25,1953,7499 DUBLIN BLVD,DUBLIN,CA,94568,-925,556-4034
25,1954,2275 PINE STREET,REDDING,CA,96001,-530,247-3030
25,1968,3051 COUNTRYSIDE DRIVE,TURLOCK,CA,95380,-209,669-2725
25,1990,3970 RIVERMARK PLAZA,SANTA CLARA,CA,95054,-408,855-0980
25,2208,25 KANEOHE BAY DRIVE,KAILUA,HI,96734,-808,254-2597
25,2218,94-780B MEHEULA PKWY,MILILANI TOWN,HI,96789,-808,623-8111
25,2221,111 E PUAINAKO STREET,HILO HAWAII,HI,96720,-808,959-3502
25,2242,1025 ALHAMBRA BLVD,SACRAMENTO,CA,95816,-916,456-0852
25,2247,2035 N CARSON ST,CARSON CITY,NV,89701,-702,882-2560
25,2255,HWY 95 & ARMORY ROAD,HAWTHORNE,NV,89415,-775,945-2159
25,2258,850 NO LAKE BLVD,TAHOE CITY,CA,96145,-530,583-2772
25,2260,620 N MCCARRAN BLVD,SPARKS,NV,89431,-702,358-6660
25,2263,5345 ELKHORN BLVD,SACRAMENTO,CA,95842,-916,331-2987
25,2269,1298 WEST CAPITOL AVE,W SACRAMENTO,CA,95691,-916,371-5205
25,2286,4805 GRANITE DR,ROCKLIN,CA,95677,-916,624-0669
25,2287,1596 ST HIGHWAY 99,GRIDLEY,CA,95948,-530,846-3762
25,2295,600 EDITH STREET,CORNING,CA,96021,-530,824-2467
25,2315,600 LEWELLING,SAN LEANDRO,CA,94579,-510,483-2225
25,2318,137 CORTE MADERA,CORTE MADERA,CA,94925,-415,927-1960
25,2600,1801 WEST 11TH STREET,TRACY,CA,95376,-209,830-2950
25,2605,1026 HUNT AVENUE,ST. HELENA,CA,94574,-707,968-3620
25,2656,2858 VISTA BOULEVARD,SPARKS,NV,89436,-775,352-8470
25,3008,12 PLAZA DRIVE,PACIFICA,CA,94044,-650,359-2751
25,3018,1305 SOUTH WINCHESTER,SAN JOSE,CA,95128,-408,374-2954
25,3027,170 EL CAMINO REAL,S SAN FRANCISCO,CA,94080,-650,589-4579
25,3031,85 WESTLAKE MALL,DALY CITY,CA,94015,-650,755-0576
25,3103,762 SUNNYVALE-SARATO,SUNNYVALE,CA,94087,-408,720-0244
25,3108,375 NO CAPITOL AVENUE,SAN JOSE,CA,95133,-408,258-1194
25,3111,555 FLORESTA BLVD,SAN LEANDRO,CA,94578,-510,483-2681
25,3116,2255 GELLERT BLVD,S SAN FRANCISCO,CA,94080,-650,588-9005
25,3119,8455 ELK GROVE BLVD,ELK GROVE,CA,95758,-916,684-6900
25,3121,2237 WEST CLEVELAND,MADERA,CA,93637,-559,661-6440
25,3122,2550 BELL ROAD,AUBURN,CA,95603,-530,887-3230
25,3124,1187 SOUTH MAIN ST,MANTECA,CA,95336,-209,824-1144
25,3125,3889 SAN PABLO AVE,EMERYVILLE,CA,94608,-510,450-1200
25,3126,610 HEGENBERGER RD,OAKLAND,CA,94621,-510,636-7970
25,3127,1291 SANGUINETH,SONORA,CA,95370,-209,533-7810
25,4160,400 DARTMOUTH AVE,LOVELOCK,NV,89419,-702,273-2418
25,4178,37264 MAIN ST,BURNEY,CA,96013,-530,335-3212
25,4601,145 JACKSON STREET,SAN FRANCISCO,CA,94111,-415,982-3112
25,4623,1200 PITT SCHOOL RD.,DIXON,CA,95620,,
27,0219,3900 SOUTH OTHELLO,SEATTLE,WA,98118,-206,722-5552
27,0251,1202-1220 MORGAN STREET,DAVENPORT,WA,9.91E+08,-509,725-7151
27,0259,310 WEST FRONT STREET,BUTTE,MT,59701,-406,723-5808
27,0289,901 WEST MAIN STREET,BOZEMAN,MT,59715,-406,587-9017
27,0307,215 EAST ROSE STREET,WALLA WALLA,WA,99362,-509,529-3711
27,0329,"1112 SOUTH ""M"" STREET",TACOMA,WA,98405,-253,627-8840
27,0333,1803 GEORGE WASHINGTON WAY,RICHLAND,WA,99352,-509,946-9605
27,0335,WEST 2825 KENNEWICK AVENUE,KENNEWICK,WA,99336,-509,783-9562
27,0337,WEST 10 COLVILLE AVENUE,CHEWELAH,WA,99109,-509,935-8383
27,0342,WEST 1616 NORTHWEST BOULEVARD,SPOKANE,WA,99205,-509,327-4974
27,0350,702 NORTH 5TH AVENUE,SANDPOINT,ID,83864,-208,263-9638
27,0360,12318 15TH AVENUE N.E.,SEATTLE,WA,98125,-206,364-5132
27,0366,2725 N.E. SUNSET BOULEVARD,RENTON,WA,98056,-425,228-5700
27,0368,2100 QUEEN ANNE AVENUE_N,SEATTLE,WA,98109,-206,282-8090
27,0373,2622 CALIFORNIA AVENUE_S W,SEATTLE,WA,98116,-206,937-5112
27,0374,410 BELLVUE WAY N.E.,BELLEVUE,WA,98004,-425,456-0205
27,0383,1320 SOUTH BLAINE STREET,MOSCOW,ID,83843,-208,883-0713
27,0385,391 N. MAIN ST,COLVILLE,WA,99114,-509,684-3782
27,0398,3080 148TH S E_SUITE 114,BELLEVUE,WA,98007,-425,649-5634
27,0405,3627 AIRPORT WAY,FAIRBANKS,AK,99701,-907,479-4231
27,0422,611 S MERIDIAN,PUYALLUP,WA,98371,-253,845-2010
27,0423,7340 35TH N E,SEATTLE,WA,98115,-206,524-7064
27,0442,15332 AURORA AVE N,SHORELINE,WA,98133,-206,363-8683
27,0459,20830 108TH S E,KENT,WA,98031,-253,854-2814
27,0462,205 NORTH 5TH AVE,YAKIMA,WA,98902,-509,453-8833
27,0464,17246 REMOND WAY_N E,REDMOND,WA,98052,-425,885-3323
27,0466,530 BROADWAY E,SEATTLE,WA,98102,-206,323-1190
27,0474,1715 BROADWAY,EVERETT,WA,98201,-425,252-9898
27,0477,28810 MILITARY RD_S,FEDERAL WAY,WA,98003,-253,941-1500
27,0486,3842 BRIDGEPORT WAY,TACOMA,WA,98466,-253,565-6215
27,0488,3020 NORTHEAST_45TH ST.,SEATTLE,WA,98105,-206,522-8350
27,0490,1645 140TH N E,BELLEVUE,WA,98005,-425,455-6500
27,0494,152 ROOSEVELT AVE E,ENUMCLAW,WA,98022,-360,825-5023
27,0496,15000 N E 24TH,REDMOND,WA,98052,-425,455-6549
27,0497,17202 15TH AVE N E,SHORELINE,WA,98155,-206,363-3130
27,0502,5702 SUMMITVIEW AVE,YAKIMA,WA,98908,-509,965-3622
27,0503,11031 19TH AVE S E,EVERETT,WA,98204,-425,337-0886
27,0517,7601 EVERGREEN WAY,EVERETT,WA,98203,-425,355-1540